name;universitaet;fehlend;nur_auto_befuellt;uni_suche;google
Siegfried Krainer;TU Wien;Werdegang/CV, Profil-Link, Kurzbeschreibung, Herkunftsinstitution, Herkunftsland, Institut, OpenAlex-Metriken;;https://www.tuwien.at/suche?tx_solr[q]=Siegfried%20Krainer;https://www.google.com/search?q=Siegfried%20Krainer+TU%20Wien+Professur
Aleksandar Acev;mdw;Werdegang/CV, Profil-Link, Kurzbeschreibung, Herkunftsinstitution, Herkunftsland, Institut, OpenAlex-Metriken;;https://www.mdw.ac.at/suche/?q=Aleksandar%20Acev;https://www.google.com/search?q=Aleksandar%20Acev+mdw+Professur
Alex Hofmann;mdw;Werdegang/CV, Profil-Link, Kurzbeschreibung, Herkunftsinstitution, Herkunftsland, Institut, OpenAlex-Metriken;;https://www.mdw.ac.at/suche/?q=Alex%20Hofmann;https://www.google.com/search?q=Alex%20Hofmann+mdw+Professur
Alexander Mayr;mdw;Werdegang/CV, Profil-Link, Kurzbeschreibung, Herkunftsinstitution, Herkunftsland, Institut, OpenAlex-Metriken;;https://www.mdw.ac.at/suche/?q=Alexander%20Mayr;https://www.google.com/search?q=Alexander%20Mayr+mdw+Professur
Amandine Savary;mdw;Werdegang/CV, Profil-Link, Kurzbeschreibung, Herkunftsinstitution, Herkunftsland, Institut, OpenAlex-Metriken;;https://www.mdw.ac.at/suche/?q=Amandine%20Savary;https://www.google.com/search?q=Amandine%20Savary+mdw+Professur
Andrea Glauser;mdw;Werdegang/CV, Profil-Link, Kurzbeschreibung, Herkunftsinstitution, Herkunftsland, Institut, OpenAlex-Metriken;;https://www.mdw.ac.at/suche/?q=Andrea%20Glauser;https://www.google.com/search?q=Andrea%20Glauser+mdw+Professur
Andrés Orozco-Estrada;mdw;Werdegang/CV, Profil-Link, Kurzbeschreibung, Herkunftsinstitution, Herkunftsland, Institut, OpenAlex-Metriken;;https://www.mdw.ac.at/suche/?q=Andr%C3%A9s%20Orozco-Estrada;https://www.google.com/search?q=Andr%C3%A9s%20Orozco-Estrada+mdw+Professur
Angelika Kirchschlager;mdw;Werdegang/CV, Profil-Link, Kurzbeschreibung, Herkunftsinstitution, Herkunftsland, Institut, OpenAlex-Metriken;;https://www.mdw.ac.at/suche/?q=Angelika%20Kirchschlager;https://www.google.com/search?q=Angelika%20Kirchschlager+mdw+Professur
Anja Thiemann;mdw;Werdegang/CV, Profil-Link, Kurzbeschreibung, Herkunftsinstitution, Herkunftsland, Institut, OpenAlex-Metriken;;https://www.mdw.ac.at/suche/?q=Anja%20Thiemann;https://www.google.com/search?q=Anja%20Thiemann+mdw+Professur
Axel Petri-Preis;mdw;Werdegang/CV, Profil-Link, Kurzbeschreibung, Herkunftsinstitution, Herkunftsland, Institut, OpenAlex-Metriken;;https://www.mdw.ac.at/suche/?q=Axel%20Petri-Preis;https://www.google.com/search?q=Axel%20Petri-Preis+mdw+Professur
Balázs Szabó;mdw;Werdegang/CV, Profil-Link, Kurzbeschreibung, Herkunftsinstitution, Herkunftsland, Institut, OpenAlex-Metriken;;https://www.mdw.ac.at/suche/?q=Bal%C3%A1zs%20Szab%C3%B3;https://www.google.com/search?q=Bal%C3%A1zs%20Szab%C3%B3+mdw+Professur
Barbara Albert;mdw;Werdegang/CV, Profil-Link, Kurzbeschreibung, Herkunftsinstitution, Herkunftsland, Institut, OpenAlex-Metriken;;https://www.mdw.ac.at/suche/?q=Barbara%20Albert;https://www.google.com/search?q=Barbara%20Albert+mdw+Professur
Bejun Mehta;mdw;Werdegang/CV, Profil-Link, Kurzbeschreibung, Herkunftsinstitution, Herkunftsland, Institut, OpenAlex-Metriken;;https://www.mdw.ac.at/suche/?q=Bejun%20Mehta;https://www.google.com/search?q=Bejun%20Mehta+mdw+Professur
Carlos Goikoetxea;mdw;Werdegang/CV, Profil-Link, Kurzbeschreibung, Herkunftsinstitution, Herkunftsland, Institut, OpenAlex-Metriken;;https://www.mdw.ac.at/suche/?q=Carlos%20Goikoetxea;https://www.google.com/search?q=Carlos%20Goikoetxea+mdw+Professur
Chanda Rule Bernroider;mdw;Werdegang/CV, Profil-Link, Kurzbeschreibung, Herkunftsinstitution, Herkunftsland, Institut, OpenAlex-Metriken;;https://www.mdw.ac.at/suche/?q=Chanda%20Rule%20Bernroider;https://www.google.com/search?q=Chanda%20Rule%20Bernroider+mdw+Professur
Christine A. Maier;mdw;Werdegang/CV, Profil-Link, Kurzbeschreibung, Herkunftsinstitution, Herkunftsland, Institut, OpenAlex-Metriken;;https://www.mdw.ac.at/suche/?q=Christine%20A.%20Maier;https://www.google.com/search?q=Christine%20A.%20Maier+mdw+Professur
Christine Lang;mdw;Werdegang/CV, Profil-Link, Kurzbeschreibung, Herkunftsinstitution, Herkunftsland, Institut, OpenAlex-Metriken;;https://www.mdw.ac.at/suche/?q=Christine%20Lang;https://www.google.com/search?q=Christine%20Lang+mdw+Professur
Christoph Moser;mdw;Werdegang/CV, Profil-Link, Kurzbeschreibung, Herkunftsinstitution, Herkunftsland, Institut, OpenAlex-Metriken;;https://www.mdw.ac.at/suche/?q=Christoph%20Moser;https://www.google.com/search?q=Christoph%20Moser+mdw+Professur
Christoph Traxler;mdw;Werdegang/CV, Profil-Link, Kurzbeschreibung, Herkunftsinstitution, Herkunftsland, Institut, OpenAlex-Metriken;;https://www.mdw.ac.at/suche/?q=Christoph%20Traxler;https://www.google.com/search?q=Christoph%20Traxler+mdw+Professur
Christoph Wimmer-Schenkel;mdw;Werdegang/CV, Profil-Link, Kurzbeschreibung, Herkunftsinstitution, Herkunftsland, Institut, OpenAlex-Metriken;;https://www.mdw.ac.at/suche/?q=Christoph%20Wimmer-Schenkel;https://www.google.com/search?q=Christoph%20Wimmer-Schenkel+mdw+Professur
Clara Iannotta;mdw;Werdegang/CV, Profil-Link, Kurzbeschreibung, Herkunftsinstitution, Herkunftsland, Institut, OpenAlex-Metriken;;https://www.mdw.ac.at/suche/?q=Clara%20Iannotta;https://www.google.com/search?q=Clara%20Iannotta+mdw+Professur
Clement Power;mdw;Werdegang/CV, Profil-Link, Kurzbeschreibung, Herkunftsinstitution, Herkunftsland, Institut, OpenAlex-Metriken;;https://www.mdw.ac.at/suche/?q=Clement%20Power;https://www.google.com/search?q=Clement%20Power+mdw+Professur
Céline Frisch;mdw;Werdegang/CV, Profil-Link, Kurzbeschreibung, Herkunftsinstitution, Herkunftsland, Institut, OpenAlex-Metriken;;https://www.mdw.ac.at/suche/?q=C%C3%A9line%20Frisch;https://www.google.com/search?q=C%C3%A9line%20Frisch+mdw+Professur
Dagmar Abfalter;mdw;Werdegang/CV, Profil-Link, Kurzbeschreibung, Herkunftsinstitution, Herkunftsland, Institut, OpenAlex-Metriken;;https://www.mdw.ac.at/suche/?q=Dagmar%20Abfalter;https://www.google.com/search?q=Dagmar%20Abfalter+mdw+Professur
Dalibor Karvay;mdw;Werdegang/CV, Profil-Link, Kurzbeschreibung, Herkunftsinstitution, Herkunftsland, Institut, OpenAlex-Metriken;;https://www.mdw.ac.at/suche/?q=Dalibor%20Karvay;https://www.google.com/search?q=Dalibor%20Karvay+mdw+Professur
Daniela Fally;mdw;Werdegang/CV, Profil-Link, Kurzbeschreibung, Herkunftsinstitution, Herkunftsland, Institut, OpenAlex-Metriken;;https://www.mdw.ac.at/suche/?q=Daniela%20Fally;https://www.google.com/search?q=Daniela%20Fally+mdw+Professur
David Frühwirth;mdw;Werdegang/CV, Profil-Link, Kurzbeschreibung, Herkunftsinstitution, Herkunftsland, Institut, OpenAlex-Metriken;;https://www.mdw.ac.at/suche/?q=David%20Fr%C3%BChwirth;https://www.google.com/search?q=David%20Fr%C3%BChwirth+mdw+Professur
Dominik Wagner;mdw;Werdegang/CV, Profil-Link, Kurzbeschreibung, Herkunftsinstitution, Herkunftsland, Institut, OpenAlex-Metriken;;https://www.mdw.ac.at/suche/?q=Dominik%20Wagner;https://www.google.com/search?q=Dominik%20Wagner+mdw+Professur
Elina Vähälä;mdw;Werdegang/CV, Profil-Link, Kurzbeschreibung, Herkunftsinstitution, Herkunftsland, Institut, OpenAlex-Metriken;;https://www.mdw.ac.at/suche/?q=Elina%20V%C3%A4h%C3%A4l%C3%A4;https://www.google.com/search?q=Elina%20V%C3%A4h%C3%A4l%C3%A4+mdw+Professur
Elisabeth Aigner-Monarth;mdw;Werdegang/CV, Profil-Link, Kurzbeschreibung, Herkunftsinstitution, Herkunftsland, Institut, OpenAlex-Metriken;;https://www.mdw.ac.at/suche/?q=Elisabeth%20Aigner-Monarth;https://www.google.com/search?q=Elisabeth%20Aigner-Monarth+mdw+Professur
Elizabeth Blonzen;mdw;Werdegang/CV, Profil-Link, Kurzbeschreibung, Herkunftsinstitution, Herkunftsland, Institut, OpenAlex-Metriken;;https://www.mdw.ac.at/suche/?q=Elizabeth%20Blonzen;https://www.google.com/search?q=Elizabeth%20Blonzen+mdw+Professur
Eszter Haffner;mdw;Werdegang/CV, Profil-Link, Kurzbeschreibung, Herkunftsinstitution, Herkunftsland, Institut, OpenAlex-Metriken;;https://www.mdw.ac.at/suche/?q=Eszter%20Haffner;https://www.google.com/search?q=Eszter%20Haffner+mdw+Professur
Eva Maria Riedl-Buschan;mdw;Werdegang/CV, Profil-Link, Kurzbeschreibung, Herkunftsinstitution, Herkunftsland, Institut, OpenAlex-Metriken;;https://www.mdw.ac.at/suche/?q=Eva%20Maria%20Riedl-Buschan;https://www.google.com/search?q=Eva%20Maria%20Riedl-Buschan+mdw+Professur
Eva Maria Riedl-Buschan;mdw;Werdegang/CV, Profil-Link, Kurzbeschreibung, Herkunftsinstitution, Herkunftsland, Institut, OpenAlex-Metriken;;https://www.mdw.ac.at/suche/?q=Eva%20Maria%20Riedl-Buschan;https://www.google.com/search?q=Eva%20Maria%20Riedl-Buschan+mdw+Professur
Eva Saladin;mdw;Werdegang/CV, Profil-Link, Kurzbeschreibung, Herkunftsinstitution, Herkunftsland, Institut, OpenAlex-Metriken;;https://www.mdw.ac.at/suche/?q=Eva%20Saladin;https://www.google.com/search?q=Eva%20Saladin+mdw+Professur
Eveline Christof;mdw;Werdegang/CV, Profil-Link, Kurzbeschreibung, Herkunftsinstitution, Herkunftsland, Institut, OpenAlex-Metriken;;https://www.mdw.ac.at/suche/?q=Eveline%20Christof;https://www.google.com/search?q=Eveline%20Christof+mdw+Professur
Fedor Rudin;mdw;Werdegang/CV, Profil-Link, Kurzbeschreibung, Herkunftsinstitution, Herkunftsland, Institut, OpenAlex-Metriken;;https://www.mdw.ac.at/suche/?q=Fedor%20Rudin;https://www.google.com/search?q=Fedor%20Rudin+mdw+Professur
Florian Maierl;mdw;Werdegang/CV, Profil-Link, Kurzbeschreibung, Herkunftsinstitution, Herkunftsland, Institut, OpenAlex-Metriken;;https://www.mdw.ac.at/suche/?q=Florian%20Maierl;https://www.google.com/search?q=Florian%20Maierl+mdw+Professur
Franz Brandstätter;mdw;Werdegang/CV, Profil-Link, Kurzbeschreibung, Herkunftsinstitution, Herkunftsland, Institut, OpenAlex-Metriken;;https://www.mdw.ac.at/suche/?q=Franz%20Brandst%C3%A4tter;https://www.google.com/search?q=Franz%20Brandst%C3%A4tter+mdw+Professur
Franz-Josef Hauser;mdw;Werdegang/CV, Profil-Link, Kurzbeschreibung, Herkunftsinstitution, Herkunftsland, Institut, OpenAlex-Metriken;;https://www.mdw.ac.at/suche/?q=Franz-Josef%20Hauser;https://www.google.com/search?q=Franz-Josef%20Hauser+mdw+Professur
Friderikke-Maria Hörbe;mdw;Werdegang/CV, Profil-Link, Kurzbeschreibung, Herkunftsinstitution, Herkunftsland, Institut, OpenAlex-Metriken;;https://www.mdw.ac.at/suche/?q=Friderikke-Maria%20H%C3%B6rbe;https://www.google.com/search?q=Friderikke-Maria%20H%C3%B6rbe+mdw+Professur
Gabriella Reisinger;mdw;Werdegang/CV, Profil-Link, Kurzbeschreibung, Herkunftsinstitution, Herkunftsland, Institut, OpenAlex-Metriken;;https://www.mdw.ac.at/suche/?q=Gabriella%20Reisinger;https://www.google.com/search?q=Gabriella%20Reisinger+mdw+Professur
Georg Misch;mdw;Werdegang/CV, Profil-Link, Kurzbeschreibung, Herkunftsinstitution, Herkunftsland, Institut, OpenAlex-Metriken;;https://www.mdw.ac.at/suche/?q=Georg%20Misch;https://www.google.com/search?q=Georg%20Misch+mdw+Professur
Gerald Resch;mdw;Werdegang/CV, Profil-Link, Kurzbeschreibung, Herkunftsinstitution, Herkunftsland, Institut, OpenAlex-Metriken;;https://www.mdw.ac.at/suche/?q=Gerald%20Resch;https://www.google.com/search?q=Gerald%20Resch+mdw+Professur
Gerhard Marschner;mdw;Werdegang/CV, Profil-Link, Kurzbeschreibung, Herkunftsinstitution, Herkunftsland, Institut, OpenAlex-Metriken;;https://www.mdw.ac.at/suche/?q=Gerhard%20Marschner;https://www.google.com/search?q=Gerhard%20Marschner+mdw+Professur
Gina Schwarz;mdw;Werdegang/CV, Profil-Link, Kurzbeschreibung, Herkunftsinstitution, Herkunftsland, Institut, OpenAlex-Metriken;;https://www.mdw.ac.at/suche/?q=Gina%20Schwarz;https://www.google.com/search?q=Gina%20Schwarz+mdw+Professur
Giulia Semenzato;mdw;Werdegang/CV, Profil-Link, Kurzbeschreibung, Herkunftsinstitution, Herkunftsland, Institut, OpenAlex-Metriken;;https://www.mdw.ac.at/suche/?q=Giulia%20Semenzato;https://www.google.com/search?q=Giulia%20Semenzato+mdw+Professur
Hartmut Keil;mdw;Werdegang/CV, Profil-Link, Kurzbeschreibung, Herkunftsinstitution, Herkunftsland, Institut, OpenAlex-Metriken;;https://www.mdw.ac.at/suche/?q=Hartmut%20Keil;https://www.google.com/search?q=Hartmut%20Keil+mdw+Professur
Hermine Haselböck-Littasy;mdw;Werdegang/CV, Profil-Link, Kurzbeschreibung, Herkunftsinstitution, Herkunftsland, Institut, OpenAlex-Metriken;;https://www.mdw.ac.at/suche/?q=Hermine%20Haselb%C3%B6ck-Littasy;https://www.google.com/search?q=Hermine%20Haselb%C3%B6ck-Littasy+mdw+Professur
Ioana Cristina Goicea;mdw;Werdegang/CV, Profil-Link, Kurzbeschreibung, Herkunftsinstitution, Herkunftsland, Institut, OpenAlex-Metriken;;https://www.mdw.ac.at/suche/?q=Ioana%20Cristina%20Goicea;https://www.google.com/search?q=Ioana%20Cristina%20Goicea+mdw+Professur
Ioana Cristina Goicea;mdw;Werdegang/CV, Profil-Link, Kurzbeschreibung, Herkunftsinstitution, Herkunftsland, Institut, OpenAlex-Metriken;;https://www.mdw.ac.at/suche/?q=Ioana%20Cristina%20Goicea;https://www.google.com/search?q=Ioana%20Cristina%20Goicea+mdw+Professur
Isolde Malmberg;mdw;Werdegang/CV, Profil-Link, Kurzbeschreibung, Herkunftsinstitution, Herkunftsland, Institut, OpenAlex-Metriken;;https://www.mdw.ac.at/suche/?q=Isolde%20Malmberg;https://www.google.com/search?q=Isolde%20Malmberg+mdw+Professur
Jeremy Joseph;mdw;Werdegang/CV, Profil-Link, Kurzbeschreibung, Herkunftsinstitution, Herkunftsland, Institut, OpenAlex-Metriken;;https://www.mdw.ac.at/suche/?q=Jeremy%20Joseph;https://www.google.com/search?q=Jeremy%20Joseph+mdw+Professur
Jessica Hausner;mdw;Werdegang/CV, Profil-Link, Kurzbeschreibung, Herkunftsinstitution, Herkunftsland, Institut, OpenAlex-Metriken;;https://www.mdw.ac.at/suche/?q=Jessica%20Hausner;https://www.google.com/search?q=Jessica%20Hausner+mdw+Professur
Johannes Hiemetsberger;mdw;Werdegang/CV, Profil-Link, Kurzbeschreibung, Herkunftsinstitution, Herkunftsland, Institut, OpenAlex-Metriken;;https://www.mdw.ac.at/suche/?q=Johannes%20Hiemetsberger;https://www.google.com/search?q=Johannes%20Hiemetsberger+mdw+Professur
Josef Doblhofer;mdw;Werdegang/CV, Profil-Link, Kurzbeschreibung, Herkunftsinstitution, Herkunftsland, Institut, OpenAlex-Metriken;;https://www.mdw.ac.at/suche/?q=Josef%20Doblhofer;https://www.google.com/search?q=Josef%20Doblhofer+mdw+Professur
Julia Purgina;mdw;Werdegang/CV, Profil-Link, Kurzbeschreibung, Herkunftsinstitution, Herkunftsland, Institut, OpenAlex-Metriken;;https://www.mdw.ac.at/suche/?q=Julia%20Purgina;https://www.google.com/search?q=Julia%20Purgina+mdw+Professur
Justus Zeyen;mdw;Werdegang/CV, Profil-Link, Kurzbeschreibung, Herkunftsinstitution, Herkunftsland, Institut, OpenAlex-Metriken;;https://www.mdw.ac.at/suche/?q=Justus%20Zeyen;https://www.google.com/search?q=Justus%20Zeyen+mdw+Professur
Jörg Schneider;mdw;Werdegang/CV, Profil-Link, Kurzbeschreibung, Herkunftsinstitution, Herkunftsland, Institut, OpenAlex-Metriken;;https://www.mdw.ac.at/suche/?q=J%C3%B6rg%20Schneider;https://www.google.com/search?q=J%C3%B6rg%20Schneider+mdw+Professur
Katharina Lugmayr;mdw;Werdegang/CV, Profil-Link, Kurzbeschreibung, Herkunftsinstitution, Herkunftsland, Institut, OpenAlex-Metriken;;https://www.mdw.ac.at/suche/?q=Katharina%20Lugmayr;https://www.google.com/search?q=Katharina%20Lugmayr+mdw+Professur
Kian Soltani;mdw;Werdegang/CV, Profil-Link, Kurzbeschreibung, Herkunftsinstitution, Herkunftsland, Institut, OpenAlex-Metriken;;https://www.mdw.ac.at/suche/?q=Kian%20Soltani;https://www.google.com/search?q=Kian%20Soltani+mdw+Professur
Klaus Lang;mdw;Werdegang/CV, Profil-Link, Kurzbeschreibung, Herkunftsinstitution, Herkunftsland, Institut, OpenAlex-Metriken;;https://www.mdw.ac.at/suche/?q=Klaus%20Lang;https://www.google.com/search?q=Klaus%20Lang+mdw+Professur
Laura Aikin;mdw;Werdegang/CV, Profil-Link, Kurzbeschreibung, Herkunftsinstitution, Herkunftsland, Institut, OpenAlex-Metriken;;https://www.mdw.ac.at/suche/?q=Laura%20Aikin;https://www.google.com/search?q=Laura%20Aikin+mdw+Professur
Lieke te Winkel;mdw;Werdegang/CV, Profil-Link, Kurzbeschreibung, Herkunftsinstitution, Herkunftsland, Institut, OpenAlex-Metriken;;https://www.mdw.ac.at/suche/?q=Lieke%20te%20Winkel;https://www.google.com/search?q=Lieke%20te%20Winkel+mdw+Professur
Lisa Gaupp;mdw;Werdegang/CV, Profil-Link, Kurzbeschreibung, Herkunftsinstitution, Herkunftsland, Institut, OpenAlex-Metriken;;https://www.mdw.ac.at/suche/?q=Lisa%20Gaupp;https://www.google.com/search?q=Lisa%20Gaupp+mdw+Professur
Malte Kob;mdw;Werdegang/CV, Profil-Link, Kurzbeschreibung, Herkunftsinstitution, Herkunftsland, Institut, OpenAlex-Metriken;;https://www.mdw.ac.at/suche/?q=Malte%20Kob;https://www.google.com/search?q=Malte%20Kob+mdw+Professur
Manuel Grandpierre;mdw;Werdegang/CV, Profil-Link, Kurzbeschreibung, Herkunftsinstitution, Herkunftsland, Institut, OpenAlex-Metriken;;https://www.mdw.ac.at/suche/?q=Manuel%20Grandpierre;https://www.google.com/search?q=Manuel%20Grandpierre+mdw+Professur
Manuel Schuen;mdw;Werdegang/CV, Profil-Link, Kurzbeschreibung, Herkunftsinstitution, Herkunftsland, Institut, OpenAlex-Metriken;;https://www.mdw.ac.at/suche/?q=Manuel%20Schuen;https://www.google.com/search?q=Manuel%20Schuen+mdw+Professur
Margarita Escarpa;mdw;Werdegang/CV, Profil-Link, Kurzbeschreibung, Herkunftsinstitution, Herkunftsland, Institut, OpenAlex-Metriken;;https://www.mdw.ac.at/suche/?q=Margarita%20Escarpa;https://www.google.com/search?q=Margarita%20Escarpa+mdw+Professur
Maria Happel;mdw;Werdegang/CV, Profil-Link, Kurzbeschreibung, Herkunftsinstitution, Herkunftsland, Institut, OpenAlex-Metriken;;https://www.mdw.ac.at/suche/?q=Maria%20Happel;https://www.google.com/search?q=Maria%20Happel+mdw+Professur
Marie Louise Herzfeld-Schild;mdw;Werdegang/CV, Profil-Link, Kurzbeschreibung, Herkunftsinstitution, Herkunftsland, Institut, OpenAlex-Metriken;;https://www.mdw.ac.at/suche/?q=Marie%20Louise%20Herzfeld-Schild;https://www.google.com/search?q=Marie%20Louise%20Herzfeld-Schild+mdw+Professur
Markus Böggemann;mdw;Werdegang/CV, Profil-Link, Kurzbeschreibung, Herkunftsinstitution, Herkunftsland, Institut, OpenAlex-Metriken;;https://www.mdw.ac.at/suche/?q=Markus%20B%C3%B6ggemann;https://www.google.com/search?q=Markus%20B%C3%B6ggemann+mdw+Professur
Markus Harm;mdw;Werdegang/CV, Profil-Link, Kurzbeschreibung, Herkunftsinstitution, Herkunftsland, Institut, OpenAlex-Metriken;;https://www.mdw.ac.at/suche/?q=Markus%20Harm;https://www.google.com/search?q=Markus%20Harm+mdw+Professur
Martin Kušej;mdw;Werdegang/CV, Profil-Link, Kurzbeschreibung, Herkunftsinstitution, Herkunftsland, Institut, OpenAlex-Metriken;;https://www.mdw.ac.at/suche/?q=Martin%20Ku%C5%A1ej;https://www.google.com/search?q=Martin%20Ku%C5%A1ej+mdw+Professur
Meike Schmitz;mdw;Werdegang/CV, Profil-Link, Kurzbeschreibung, Herkunftsinstitution, Herkunftsland, Institut, OpenAlex-Metriken;;https://www.mdw.ac.at/suche/?q=Meike%20Schmitz;https://www.google.com/search?q=Meike%20Schmitz+mdw+Professur
Michael Göllner;mdw;Werdegang/CV, Profil-Link, Kurzbeschreibung, Herkunftsinstitution, Herkunftsland, Institut, OpenAlex-Metriken;;https://www.mdw.ac.at/suche/?q=Michael%20G%C3%B6llner;https://www.google.com/search?q=Michael%20G%C3%B6llner+mdw+Professur
Michael Huber;mdw;Werdegang/CV, Profil-Link, Kurzbeschreibung, Herkunftsinstitution, Herkunftsland, Institut, OpenAlex-Metriken;;https://www.mdw.ac.at/suche/?q=Michael%20Huber;https://www.google.com/search?q=Michael%20Huber+mdw+Professur
Michael Sturminger;mdw;Werdegang/CV, Profil-Link, Kurzbeschreibung, Herkunftsinstitution, Herkunftsland, Institut, OpenAlex-Metriken;;https://www.mdw.ac.at/suche/?q=Michael%20Sturminger;https://www.google.com/search?q=Michael%20Sturminger+mdw+Professur
Michaela Reingruber;mdw;Werdegang/CV, Profil-Link, Kurzbeschreibung, Herkunftsinstitution, Herkunftsland, Institut, OpenAlex-Metriken;;https://www.mdw.ac.at/suche/?q=Michaela%20Reingruber;https://www.google.com/search?q=Michaela%20Reingruber+mdw+Professur
Michaela Schuster;mdw;Werdegang/CV, Profil-Link, Kurzbeschreibung, Herkunftsinstitution, Herkunftsland, Institut, OpenAlex-Metriken;;https://www.mdw.ac.at/suche/?q=Michaela%20Schuster;https://www.google.com/search?q=Michaela%20Schuster+mdw+Professur
Monika Smetana;mdw;Werdegang/CV, Profil-Link, Kurzbeschreibung, Herkunftsinstitution, Herkunftsland, Institut, OpenAlex-Metriken;;https://www.mdw.ac.at/suche/?q=Monika%20Smetana;https://www.google.com/search?q=Monika%20Smetana+mdw+Professur
Nataša Mirković;mdw;Werdegang/CV, Profil-Link, Kurzbeschreibung, Herkunftsinstitution, Herkunftsland, Institut, OpenAlex-Metriken;;https://www.mdw.ac.at/suche/?q=Nata%C5%A1a%20Mirkovi%C4%87;https://www.google.com/search?q=Nata%C5%A1a%20Mirkovi%C4%87+mdw+Professur
Olga Neuwirth;mdw;Werdegang/CV, Profil-Link, Kurzbeschreibung, Herkunftsinstitution, Herkunftsland, Institut, OpenAlex-Metriken;;https://www.mdw.ac.at/suche/?q=Olga%20Neuwirth;https://www.google.com/search?q=Olga%20Neuwirth+mdw+Professur
Oliver Sproll;mdw;Werdegang/CV, Profil-Link, Kurzbeschreibung, Herkunftsinstitution, Herkunftsland, Institut, OpenAlex-Metriken;;https://www.mdw.ac.at/suche/?q=Oliver%20Sproll;https://www.google.com/search?q=Oliver%20Sproll+mdw+Professur
Peter Hrncirik;mdw;Werdegang/CV, Profil-Link, Kurzbeschreibung, Herkunftsinstitution, Herkunftsland, Institut, OpenAlex-Metriken;;https://www.mdw.ac.at/suche/?q=Peter%20Hrncirik;https://www.google.com/search?q=Peter%20Hrncirik+mdw+Professur
Philipp Nykrin;mdw;Werdegang/CV, Profil-Link, Kurzbeschreibung, Herkunftsinstitution, Herkunftsland, Institut, OpenAlex-Metriken;;https://www.mdw.ac.at/suche/?q=Philipp%20Nykrin;https://www.google.com/search?q=Philipp%20Nykrin+mdw+Professur
Roland Schwab;mdw;Werdegang/CV, Profil-Link, Kurzbeschreibung, Herkunftsinstitution, Herkunftsland, Institut, OpenAlex-Metriken;;https://www.mdw.ac.at/suche/?q=Roland%20Schwab;https://www.google.com/search?q=Roland%20Schwab+mdw+Professur
Roman Zaslavsky;mdw;Werdegang/CV, Profil-Link, Kurzbeschreibung, Herkunftsinstitution, Herkunftsland, Institut, OpenAlex-Metriken;;https://www.mdw.ac.at/suche/?q=Roman%20Zaslavsky;https://www.google.com/search?q=Roman%20Zaslavsky+mdw+Professur
Rosa Reitsamer;mdw;Werdegang/CV, Profil-Link, Kurzbeschreibung, Herkunftsinstitution, Herkunftsland, Institut, OpenAlex-Metriken;;https://www.mdw.ac.at/suche/?q=Rosa%20Reitsamer;https://www.google.com/search?q=Rosa%20Reitsamer+mdw+Professur
Sonja Hilberger;mdw;Werdegang/CV, Profil-Link, Kurzbeschreibung, Herkunftsinstitution, Herkunftsland, Institut, OpenAlex-Metriken;;https://www.mdw.ac.at/suche/?q=Sonja%20Hilberger;https://www.google.com/search?q=Sonja%20Hilberger+mdw+Professur
Sonja Korak;mdw;Werdegang/CV, Profil-Link, Kurzbeschreibung, Herkunftsinstitution, Herkunftsland, Institut, OpenAlex-Metriken;;https://www.mdw.ac.at/suche/?q=Sonja%20Korak;https://www.google.com/search?q=Sonja%20Korak+mdw+Professur
Steffen Jäger;mdw;Werdegang/CV, Profil-Link, Kurzbeschreibung, Herkunftsinstitution, Herkunftsland, Institut, OpenAlex-Metriken;;https://www.mdw.ac.at/suche/?q=Steffen%20J%C3%A4ger;https://www.google.com/search?q=Steffen%20J%C3%A4ger+mdw+Professur
Stephanie Schroedter;mdw;Werdegang/CV, Profil-Link, Kurzbeschreibung, Herkunftsinstitution, Herkunftsland, Institut, OpenAlex-Metriken;;https://www.mdw.ac.at/suche/?q=Stephanie%20Schroedter;https://www.google.com/search?q=Stephanie%20Schroedter+mdw+Professur
Ulf Wallin;mdw;Werdegang/CV, Profil-Link, Kurzbeschreibung, Herkunftsinstitution, Herkunftsland, Institut, OpenAlex-Metriken;;https://www.mdw.ac.at/suche/?q=Ulf%20Wallin;https://www.google.com/search?q=Ulf%20Wallin+mdw+Professur
Walter Auer;mdw;Werdegang/CV, Profil-Link, Kurzbeschreibung, Herkunftsinstitution, Herkunftsland, Institut, OpenAlex-Metriken;;https://www.mdw.ac.at/suche/?q=Walter%20Auer;https://www.google.com/search?q=Walter%20Auer+mdw+Professur
Walter Werzowa;mdw;Werdegang/CV, Profil-Link, Kurzbeschreibung, Herkunftsinstitution, Herkunftsland, Institut, OpenAlex-Metriken;;https://www.mdw.ac.at/suche/?q=Walter%20Werzowa;https://www.google.com/search?q=Walter%20Werzowa+mdw+Professur
Werner Goebl;mdw;Werdegang/CV, Profil-Link, Kurzbeschreibung, Herkunftsinstitution, Herkunftsland, Institut, OpenAlex-Metriken;;https://www.mdw.ac.at/suche/?q=Werner%20Goebl;https://www.google.com/search?q=Werner%20Goebl+mdw+Professur
Allan Hanbury;TU Wien;Werdegang/CV, Kurzbeschreibung, Herkunftsinstitution, Herkunftsland, Institut, OpenAlex-Metriken;;https://www.tuwien.at/suche?tx_solr[q]=Allan%20Hanbury;https://www.google.com/search?q=Allan%20Hanbury+TU%20Wien+Professur
Fazel Ansari Chaharsoughi;TU Wien;Werdegang/CV, Kurzbeschreibung, Herkunftsinstitution, Herkunftsland, Institut, OpenAlex-Metriken;;https://www.tuwien.at/suche?tx_solr[q]=Fazel%20Ansari%20Chaharsoughi;https://www.google.com/search?q=Fazel%20Ansari%20Chaharsoughi+TU%20Wien+Professur
Frank Lulei;TU Wien;Werdegang/CV, Kurzbeschreibung, Herkunftsinstitution, Herkunftsland, Institut, OpenAlex-Metriken;;https://www.tuwien.at/suche?tx_solr[q]=Frank%20Lulei;https://www.google.com/search?q=Frank%20Lulei+TU%20Wien+Professur
Ivona Brandic;TU Wien;Werdegang/CV, Kurzbeschreibung, Herkunftsinstitution, Herkunftsland, Institut, OpenAlex-Metriken;;https://www.tuwien.at/suche?tx_solr[q]=Ivona%20Brandic;https://www.google.com/search?q=Ivona%20Brandic+TU%20Wien+Professur
Jürgen Cito;TU Wien;Werdegang/CV, Kurzbeschreibung, Herkunftsinstitution, Herkunftsland, Institut, OpenAlex-Metriken;;https://www.tuwien.at/suche?tx_solr[q]=J%C3%BCrgen%20Cito;https://www.google.com/search?q=J%C3%BCrgen%20Cito+TU%20Wien+Professur
Kurt Matyas;TU Wien;Werdegang/CV, Kurzbeschreibung, Herkunftsinstitution, Herkunftsland, Institut, OpenAlex-Metriken;;https://www.tuwien.at/suche?tx_solr[q]=Kurt%20Matyas;https://www.google.com/search?q=Kurt%20Matyas+TU%20Wien+Professur
Manuel Garcia-Villalba Navaridas;TU Wien;Werdegang/CV, Kurzbeschreibung, Herkunftsinstitution, Herkunftsland, Institut, OpenAlex-Metriken;;https://www.tuwien.at/suche?tx_solr[q]=Manuel%20Garcia-Villalba%20Navaridas;https://www.google.com/search?q=Manuel%20Garcia-Villalba%20Navaridas+TU%20Wien+Professur
Paweł Woźniak;TU Wien;Werdegang/CV, Kurzbeschreibung, Herkunftsinstitution, Herkunftsland, Institut, OpenAlex-Metriken;;https://www.tuwien.at/suche?tx_solr[q]=Pawe%C5%82%20Wo%C5%BAniak;https://www.google.com/search?q=Pawe%C5%82%20Wo%C5%BAniak+TU%20Wien+Professur
Sabine Andergassen;TU Wien;Werdegang/CV, Kurzbeschreibung, Herkunftsinstitution, Herkunftsland, Institut, OpenAlex-Metriken;;https://www.tuwien.at/suche?tx_solr[q]=Sabine%20Andergassen;https://www.google.com/search?q=Sabine%20Andergassen+TU%20Wien+Professur
Thomas Gärtner;TU Wien;Werdegang/CV, Kurzbeschreibung, Herkunftsinstitution, Herkunftsland, Institut, OpenAlex-Metriken;;https://www.tuwien.at/suche?tx_solr[q]=Thomas%20G%C3%A4rtner;https://www.google.com/search?q=Thomas%20G%C3%A4rtner+TU%20Wien+Professur
Wolfgang Güttel;TU Wien;Werdegang/CV, Kurzbeschreibung, Herkunftsinstitution, Herkunftsland, Institut, OpenAlex-Metriken;;https://www.tuwien.at/suche?tx_solr[q]=Wolfgang%20G%C3%BCttel;https://www.google.com/search?q=Wolfgang%20G%C3%BCttel+TU%20Wien+Professur
Wouter Arnoud Dorigo;TU Wien;Werdegang/CV, Kurzbeschreibung, Herkunftsinstitution, Herkunftsland, Institut, OpenAlex-Metriken;;https://www.tuwien.at/suche?tx_solr[q]=Wouter%20Arnoud%20Dorigo;https://www.google.com/search?q=Wouter%20Arnoud%20Dorigo+TU%20Wien+Professur
Aaron Maxwell Andrews;TU Wien;Werdegang/CV, Kurzbeschreibung, Herkunftsinstitution, Herkunftsland, OpenAlex-Metriken;;https://www.tuwien.at/suche?tx_solr[q]=Aaron%20Maxwell%20Andrews;https://www.google.com/search?q=Aaron%20Maxwell%20Andrews+TU%20Wien+Professur
Albana Ilo;TU Wien;Werdegang/CV, Kurzbeschreibung, Herkunftsinstitution, Herkunftsland, OpenAlex-Metriken;;https://www.tuwien.at/suche?tx_solr[q]=Albana%20Ilo;https://www.google.com/search?q=Albana%20Ilo+TU%20Wien+Professur
Aleksandr Ovsianikov;TU Wien;Werdegang/CV, Kurzbeschreibung, Herkunftsinstitution, Herkunftsland, OpenAlex-Metriken;;https://www.tuwien.at/suche?tx_solr[q]=Aleksandr%20Ovsianikov;https://www.google.com/search?q=Aleksandr%20Ovsianikov+TU%20Wien+Professur
Alexander Grüneis;TU Wien;Werdegang/CV, Kurzbeschreibung, Herkunftsinstitution, Herkunftsland, OpenAlex-Metriken;;https://www.tuwien.at/suche?tx_solr[q]=Alexander%20Gr%C3%BCneis;https://www.google.com/search?q=Alexander%20Gr%C3%BCneis+TU%20Wien+Professur
Amalio Fernandez-Pacheco Chicon;TU Wien;Werdegang/CV, Kurzbeschreibung, Herkunftsinstitution, Herkunftsland, OpenAlex-Metriken;;https://www.tuwien.at/suche?tx_solr[q]=Amalio%20Fernandez-Pacheco%20Chicon;https://www.google.com/search?q=Amalio%20Fernandez-Pacheco%20Chicon+TU%20Wien+Professur
Andreas Farnleitner;TU Wien;Werdegang/CV, Kurzbeschreibung, Herkunftsinstitution, Herkunftsland, OpenAlex-Metriken;;https://www.tuwien.at/suche?tx_solr[q]=Andreas%20Farnleitner;https://www.google.com/search?q=Andreas%20Farnleitner+TU%20Wien+Professur
Ariane Sept;TU Wien;Werdegang/CV, Kurzbeschreibung, Herkunftsinstitution, Herkunftsland, OpenAlex-Metriken;;https://www.tuwien.at/suche?tx_solr[q]=Ariane%20Sept;https://www.google.com/search?q=Ariane%20Sept+TU%20Wien+Professur
Astrid Mach-Aigner;TU Wien;Werdegang/CV, Kurzbeschreibung, Herkunftsinstitution, Herkunftsland, OpenAlex-Metriken;;https://www.tuwien.at/suche?tx_solr[q]=Astrid%20Mach-Aigner;https://www.google.com/search?q=Astrid%20Mach-Aigner+TU%20Wien+Professur
Benedikt Schwarz;TU Wien;Werdegang/CV, Kurzbeschreibung, Herkunftsinstitution, Herkunftsland, OpenAlex-Metriken;;https://www.tuwien.at/suche?tx_solr[q]=Benedikt%20Schwarz;https://www.google.com/search?q=Benedikt%20Schwarz+TU%20Wien+Professur
Benedikt Stufler;TU Wien;Werdegang/CV, Kurzbeschreibung, Herkunftsinstitution, Herkunftsland, OpenAlex-Metriken;;https://www.tuwien.at/suche?tx_solr[q]=Benedikt%20Stufler;https://www.google.com/search?q=Benedikt%20Stufler+TU%20Wien+Professur
Bernd Klöckl;TU Wien;Werdegang/CV, Kurzbeschreibung, Herkunftsinstitution, Herkunftsland, OpenAlex-Metriken;;https://www.tuwien.at/suche?tx_solr[q]=Bernd%20Kl%C3%B6ckl;https://www.google.com/search?q=Bernd%20Kl%C3%B6ckl+TU%20Wien+Professur
Bernhard Pichler;TU Wien;Werdegang/CV, Kurzbeschreibung, Herkunftsinstitution, Herkunftsland, OpenAlex-Metriken;;https://www.tuwien.at/suche?tx_solr[q]=Bernhard%20Pichler;https://www.google.com/search?q=Bernhard%20Pichler+TU%20Wien+Professur
Bernhard Semlitsch;TU Wien;Werdegang/CV, Kurzbeschreibung, Herkunftsinstitution, Herkunftsland, OpenAlex-Metriken;;https://www.tuwien.at/suche?tx_solr[q]=Bernhard%20Semlitsch;https://www.google.com/search?q=Bernhard%20Semlitsch+TU%20Wien+Professur
Carsten Gachot;TU Wien;Werdegang/CV, Kurzbeschreibung, Herkunftsinstitution, Herkunftsland, OpenAlex-Metriken;;https://www.tuwien.at/suche?tx_solr[q]=Carsten%20Gachot;https://www.google.com/search?q=Carsten%20Gachot+TU%20Wien+Professur
Christian Müller;TU Wien;Werdegang/CV, Kurzbeschreibung, Herkunftsinstitution, Herkunftsland, OpenAlex-Metriken;;https://www.tuwien.at/suche?tx_solr[q]=Christian%20M%C3%BCller;https://www.google.com/search?q=Christian%20M%C3%BCller+TU%20Wien+Professur
Daniel Müller-Gritschneder;TU Wien;Werdegang/CV, Kurzbeschreibung, Herkunftsinstitution, Herkunftsland, OpenAlex-Metriken;;https://www.tuwien.at/suche?tx_solr[q]=Daniel%20M%C3%BCller-Gritschneder;https://www.google.com/search?q=Daniel%20M%C3%BCller-Gritschneder+TU%20Wien+Professur
Dieter Grebe;TU Wien;Werdegang/CV, Kurzbeschreibung, Herkunftsinstitution, Herkunftsland, OpenAlex-Metriken;;https://www.tuwien.at/suche?tx_solr[q]=Dieter%20Grebe;https://www.google.com/search?q=Dieter%20Grebe+TU%20Wien+Professur
Dieter Pahr;TU Wien;Werdegang/CV, Kurzbeschreibung, Herkunftsinstitution, Herkunftsland, OpenAlex-Metriken;;https://www.tuwien.at/suche?tx_solr[q]=Dieter%20Pahr;https://www.google.com/search?q=Dieter%20Pahr+TU%20Wien+Professur
Dongheui Lee;TU Wien;Werdegang/CV, Kurzbeschreibung, Herkunftsinstitution, Herkunftsland, OpenAlex-Metriken;;https://www.tuwien.at/suche?tx_solr[q]=Dongheui%20Lee;https://www.google.com/search?q=Dongheui%20Lee+TU%20Wien+Professur
Ekaterina Benavente-Fokina;TU Wien;Werdegang/CV, Kurzbeschreibung, Herkunftsinstitution, Herkunftsland, OpenAlex-Metriken;;https://www.tuwien.at/suche?tx_solr[q]=Ekaterina%20Benavente-Fokina;https://www.google.com/search?q=Ekaterina%20Benavente-Fokina+TU%20Wien+Professur
Elisa Davoli;TU Wien;Werdegang/CV, Kurzbeschreibung, Herkunftsinstitution, Herkunftsland, OpenAlex-Metriken;;https://www.tuwien.at/suche?tx_solr[q]=Elisa%20Davoli;https://www.google.com/search?q=Elisa%20Davoli+TU%20Wien+Professur
Emanuela Bianchi;TU Wien;Werdegang/CV, Kurzbeschreibung, Herkunftsinstitution, Herkunftsland, OpenAlex-Metriken;;https://www.tuwien.at/suche?tx_solr[q]=Emanuela%20Bianchi;https://www.google.com/search?q=Emanuela%20Bianchi+TU%20Wien+Professur
Ernst Karl Csencsics;TU Wien;Werdegang/CV, Kurzbeschreibung, Herkunftsinstitution, Herkunftsland, OpenAlex-Metriken;;https://www.tuwien.at/suche?tx_solr[q]=Ernst%20Karl%20Csencsics;https://www.google.com/search?q=Ernst%20Karl%20Csencsics+TU%20Wien+Professur
Ezio Bartocci;TU Wien;Werdegang/CV, Kurzbeschreibung, Herkunftsinstitution, Herkunftsland, OpenAlex-Metriken;;https://www.tuwien.at/suche?tx_solr[q]=Ezio%20Bartocci;https://www.google.com/search?q=Ezio%20Bartocci+TU%20Wien+Professur
Florian Libisch;TU Wien;Werdegang/CV, Kurzbeschreibung, Herkunftsinstitution, Herkunftsland, OpenAlex-Metriken;;https://www.tuwien.at/suche?tx_solr[q]=Florian%20Libisch;https://www.google.com/search?q=Florian%20Libisch+TU%20Wien+Professur
Gareth Parkinson;TU Wien;Werdegang/CV, Kurzbeschreibung, Herkunftsinstitution, Herkunftsland, OpenAlex-Metriken;;https://www.tuwien.at/suche?tx_solr[q]=Gareth%20Parkinson;https://www.google.com/search?q=Gareth%20Parkinson+TU%20Wien+Professur
Georg Fuchsbauer;TU Wien;Werdegang/CV, Kurzbeschreibung, Herkunftsinstitution, Herkunftsland, OpenAlex-Metriken;;https://www.tuwien.at/suche?tx_solr[q]=Georg%20Fuchsbauer;https://www.google.com/search?q=Georg%20Fuchsbauer+TU%20Wien+Professur
Georg Weissenbacher;TU Wien;Werdegang/CV, Kurzbeschreibung, Herkunftsinstitution, Herkunftsland, OpenAlex-Metriken;;https://www.tuwien.at/suche?tx_solr[q]=Georg%20Weissenbacher;https://www.google.com/search?q=Georg%20Weissenbacher+TU%20Wien+Professur
Golta Khatibi Damavandi;TU Wien;Werdegang/CV, Kurzbeschreibung, Herkunftsinstitution, Herkunftsland, OpenAlex-Metriken;;https://www.tuwien.at/suche?tx_solr[q]=Golta%20Khatibi%20Damavandi;https://www.google.com/search?q=Golta%20Khatibi%20Damavandi+TU%20Wien+Professur
Hannes Mikula;TU Wien;Werdegang/CV, Kurzbeschreibung, Herkunftsinstitution, Herkunftsland, OpenAlex-Metriken;;https://www.tuwien.at/suche?tx_solr[q]=Hannes%20Mikula;https://www.google.com/search?q=Hannes%20Mikula+TU%20Wien+Professur
Ivan Izmestiev;TU Wien;Werdegang/CV, Kurzbeschreibung, Herkunftsinstitution, Herkunftsland, OpenAlex-Metriken;;https://www.tuwien.at/suche?tx_solr[q]=Ivan%20Izmestiev;https://www.google.com/search?q=Ivan%20Izmestiev+TU%20Wien+Professur
Jessica Cauchard;TU Wien;Werdegang/CV, Kurzbeschreibung, Herkunftsinstitution, Herkunftsland, OpenAlex-Metriken;;https://www.tuwien.at/suche?tx_solr[q]=Jessica%20Cauchard;https://www.google.com/search?q=Jessica%20Cauchard+TU%20Wien+Professur
Jiehua Chen;TU Wien;Werdegang/CV, Kurzbeschreibung, Herkunftsinstitution, Herkunftsland, OpenAlex-Metriken;;https://www.tuwien.at/suche?tx_solr[q]=Jiehua%20Chen;https://www.google.com/search?q=Jiehua%20Chen+TU%20Wien+Professur
Josef Weinbub;TU Wien;Werdegang/CV, Kurzbeschreibung, Herkunftsinstitution, Herkunftsland, OpenAlex-Metriken;;https://www.tuwien.at/suche?tx_solr[q]=Josef%20Weinbub;https://www.google.com/search?q=Josef%20Weinbub+TU%20Wien+Professur
Katharina Schröder;TU Wien;Werdegang/CV, Kurzbeschreibung, Herkunftsinstitution, Herkunftsland, OpenAlex-Metriken;;https://www.tuwien.at/suche?tx_solr[q]=Katharina%20Schr%C3%B6der;https://www.google.com/search?q=Katharina%20Schr%C3%B6der+TU%20Wien+Professur
Katja Hose;TU Wien;Werdegang/CV, Kurzbeschreibung, Herkunftsinstitution, Herkunftsland, OpenAlex-Metriken;;https://www.tuwien.at/suche?tx_solr[q]=Katja%20Hose;https://www.google.com/search?q=Katja%20Hose+TU%20Wien+Professur
Kevin Sturm;TU Wien;Werdegang/CV, Kurzbeschreibung, Herkunftsinstitution, Herkunftsland, OpenAlex-Metriken;;https://www.tuwien.at/suche?tx_solr[q]=Kevin%20Sturm;https://www.google.com/search?q=Kevin%20Sturm+TU%20Wien+Professur
Kristina Orehounig;TU Wien;Werdegang/CV, Kurzbeschreibung, Herkunftsinstitution, Herkunftsland, OpenAlex-Metriken;;https://www.tuwien.at/suche?tx_solr[q]=Kristina%20Orehounig;https://www.google.com/search?q=Kristina%20Orehounig+TU%20Wien+Professur
Maria Magdalena Ortiz De La Fuente;TU Wien;Werdegang/CV, Kurzbeschreibung, Herkunftsinstitution, Herkunftsland, OpenAlex-Metriken;;https://www.tuwien.at/suche?tx_solr[q]=Maria%20Magdalena%20Ortiz%20De%20La%20Fuente;https://www.google.com/search?q=Maria%20Magdalena%20Ortiz%20De%20La%20Fuente+TU%20Wien+Professur
Martin Berens;TU Wien;Werdegang/CV, Kurzbeschreibung, Herkunftsinstitution, Herkunftsland, OpenAlex-Metriken;;https://www.tuwien.at/suche?tx_solr[q]=Martin%20Berens;https://www.google.com/search?q=Martin%20Berens+TU%20Wien+Professur
Martina Lindorfer;TU Wien;Werdegang/CV, Kurzbeschreibung, Herkunftsinstitution, Herkunftsland, OpenAlex-Metriken;;https://www.tuwien.at/suche?tx_solr[q]=Martina%20Lindorfer;https://www.google.com/search?q=Martina%20Lindorfer+TU%20Wien+Professur
Martina Marchetti-Deschmann;TU Wien;Werdegang/CV, Kurzbeschreibung, Herkunftsinstitution, Herkunftsland, OpenAlex-Metriken;;https://www.tuwien.at/suche?tx_solr[q]=Martina%20Marchetti-Deschmann;https://www.google.com/search?q=Martina%20Marchetti-Deschmann+TU%20Wien+Professur
Mate Gerencser;TU Wien;Werdegang/CV, Kurzbeschreibung, Herkunftsinstitution, Herkunftsland, OpenAlex-Metriken;;https://www.tuwien.at/suche?tx_solr[q]=Mate%20Gerencser;https://www.google.com/search?q=Mate%20Gerencser+TU%20Wien+Professur
Matthias Steiger;TU Wien;Werdegang/CV, Kurzbeschreibung, Herkunftsinstitution, Herkunftsland, OpenAlex-Metriken;;https://www.tuwien.at/suche?tx_solr[q]=Matthias%20Steiger;https://www.google.com/search?q=Matthias%20Steiger+TU%20Wien+Professur
Melanie Todt;TU Wien;Werdegang/CV, Kurzbeschreibung, Herkunftsinstitution, Herkunftsland, OpenAlex-Metriken;;https://www.tuwien.at/suche?tx_solr[q]=Melanie%20Todt;https://www.google.com/search?q=Melanie%20Todt+TU%20Wien+Professur
Michael Feischl;TU Wien;Werdegang/CV, Kurzbeschreibung, Herkunftsinstitution, Herkunftsland, OpenAlex-Metriken;;https://www.tuwien.at/suche?tx_solr[q]=Michael%20Feischl;https://www.google.com/search?q=Michael%20Feischl+TU%20Wien+Professur
Michael Schneider;TU Wien;Werdegang/CV, Kurzbeschreibung, Herkunftsinstitution, Herkunftsland, OpenAlex-Metriken;;https://www.tuwien.at/suche?tx_solr[q]=Michael%20Schneider;https://www.google.com/search?q=Michael%20Schneider+TU%20Wien+Professur
Michael Waltl;TU Wien;Werdegang/CV, Kurzbeschreibung, Herkunftsinstitution, Herkunftsland, OpenAlex-Metriken;;https://www.tuwien.at/suche?tx_solr[q]=Michael%20Waltl;https://www.google.com/search?q=Michael%20Waltl+TU%20Wien+Professur
Michael Wimmer;TU Wien;Werdegang/CV, Kurzbeschreibung, Herkunftsinstitution, Herkunftsland, OpenAlex-Metriken;;https://www.tuwien.at/suche?tx_solr[q]=Michael%20Wimmer;https://www.google.com/search?q=Michael%20Wimmer+TU%20Wien+Professur
Nawid Siassi;TU Wien;Werdegang/CV, Kurzbeschreibung, Herkunftsinstitution, Herkunftsland, OpenAlex-Metriken;;https://www.tuwien.at/suche?tx_solr[q]=Nawid%20Siassi;https://www.google.com/search?q=Nawid%20Siassi+TU%20Wien+Professur
Oliver Englhardt;TU Wien;Werdegang/CV, Kurzbeschreibung, Herkunftsinstitution, Herkunftsland, OpenAlex-Metriken;;https://www.tuwien.at/suche?tx_solr[q]=Oliver%20Englhardt;https://www.google.com/search?q=Oliver%20Englhardt+TU%20Wien+Professur
Peter Mörtenböck;TU Wien;Werdegang/CV, Kurzbeschreibung, Herkunftsinstitution, Herkunftsland, OpenAlex-Metriken;;https://www.tuwien.at/suche?tx_solr[q]=Peter%20M%C3%B6rtenb%C3%B6ck;https://www.google.com/search?q=Peter%20M%C3%B6rtenb%C3%B6ck+TU%20Wien+Professur
Peter Weinberger;TU Wien;Werdegang/CV, Kurzbeschreibung, Herkunftsinstitution, Herkunftsland, OpenAlex-Metriken;;https://www.tuwien.at/suche?tx_solr[q]=Peter%20Weinberger;https://www.google.com/search?q=Peter%20Weinberger+TU%20Wien+Professur
Philipp Preinstorfer;TU Wien;Werdegang/CV, Kurzbeschreibung, Herkunftsinstitution, Herkunftsland, OpenAlex-Metriken;;https://www.tuwien.at/suche?tx_solr[q]=Philipp%20Preinstorfer;https://www.google.com/search?q=Philipp%20Preinstorfer+TU%20Wien+Professur
Pier Paolo Tamburelli;TU Wien;Werdegang/CV, Kurzbeschreibung, Herkunftsinstitution, Herkunftsland, OpenAlex-Metriken;;https://www.tuwien.at/suche?tx_solr[q]=Pier%20Paolo%20Tamburelli;https://www.google.com/search?q=Pier%20Paolo%20Tamburelli+TU%20Wien+Professur
Raquel De Oro Calderon;TU Wien;Werdegang/CV, Kurzbeschreibung, Herkunftsinstitution, Herkunftsland, OpenAlex-Metriken;;https://www.tuwien.at/suche?tx_solr[q]=Raquel%20De%20Oro%20Calderon;https://www.google.com/search?q=Raquel%20De%20Oro%20Calderon+TU%20Wien+Professur
Richard Arthur Wilhelm;TU Wien;Werdegang/CV, Kurzbeschreibung, Herkunftsinstitution, Herkunftsland, OpenAlex-Metriken;;https://www.tuwien.at/suche?tx_solr[q]=Richard%20Arthur%20Wilhelm;https://www.google.com/search?q=Richard%20Arthur%20Wilhelm+TU%20Wien+Professur
Ruth Birner-Grünberger;TU Wien;Werdegang/CV, Kurzbeschreibung, Herkunftsinstitution, Herkunftsland, OpenAlex-Metriken;;https://www.tuwien.at/suche?tx_solr[q]=Ruth%20Birner-Gr%C3%BCnberger;https://www.google.com/search?q=Ruth%20Birner-Gr%C3%BCnberger+TU%20Wien+Professur
Sandra Müller;TU Wien;Werdegang/CV, Kurzbeschreibung, Herkunftsinstitution, Herkunftsland, OpenAlex-Metriken;;https://www.tuwien.at/suche?tx_solr[q]=Sandra%20M%C3%BCller;https://www.google.com/search?q=Sandra%20M%C3%BCller+TU%20Wien+Professur
Stefan Gerhold;TU Wien;Werdegang/CV, Kurzbeschreibung, Herkunftsinstitution, Herkunftsland, OpenAlex-Metriken;;https://www.tuwien.at/suche?tx_solr[q]=Stefan%20Gerhold;https://www.google.com/search?q=Stefan%20Gerhold+TU%20Wien+Professur
Stefan Schwarz;TU Wien;Werdegang/CV, Kurzbeschreibung, Herkunftsinstitution, Herkunftsland, OpenAlex-Metriken;;https://www.tuwien.at/suche?tx_solr[q]=Stefan%20Schwarz;https://www.google.com/search?q=Stefan%20Schwarz+TU%20Wien+Professur
Thomas Konegger;TU Wien;Werdegang/CV, Kurzbeschreibung, Herkunftsinstitution, Herkunftsland, OpenAlex-Metriken;;https://www.tuwien.at/suche?tx_solr[q]=Thomas%20Konegger;https://www.google.com/search?q=Thomas%20Konegger+TU%20Wien+Professur
Tibor Grasser;TU Wien;Werdegang/CV, Kurzbeschreibung, Herkunftsinstitution, Herkunftsland, OpenAlex-Metriken;;https://www.tuwien.at/suche?tx_solr[q]=Tibor%20Grasser;https://www.google.com/search?q=Tibor%20Grasser+TU%20Wien+Professur
Tim Langen;TU Wien;Werdegang/CV, Kurzbeschreibung, Herkunftsinstitution, Herkunftsland, OpenAlex-Metriken;;https://www.tuwien.at/suche?tx_solr[q]=Tim%20Langen;https://www.google.com/search?q=Tim%20Langen+TU%20Wien+Professur
Uwe Wilhelm Drofenik;TU Wien;Werdegang/CV, Kurzbeschreibung, Herkunftsinstitution, Herkunftsland, OpenAlex-Metriken;;https://www.tuwien.at/suche?tx_solr[q]=Uwe%20Wilhelm%20Drofenik;https://www.google.com/search?q=Uwe%20Wilhelm%20Drofenik+TU%20Wien+Professur
Victor Weiss;TU Wien;Werdegang/CV, Kurzbeschreibung, Herkunftsinstitution, Herkunftsland, OpenAlex-Metriken;;https://www.tuwien.at/suche?tx_solr[q]=Victor%20Weiss;https://www.google.com/search?q=Victor%20Weiss+TU%20Wien+Professur
Juri Troy;TU Wien;Werdegang/CV, Herkunftsinstitution, Herkunftsland, OpenAlex-Metriken;;https://www.tuwien.at/suche?tx_solr[q]=Juri%20Troy;https://www.google.com/search?q=Juri%20Troy+TU%20Wien+Professur
Bojana Rosic;TU Wien;Werdegang/CV, Herkunftsinstitution, Herkunftsland;;https://www.tuwien.at/suche?tx_solr[q]=Bojana%20Rosic;https://www.google.com/search?q=Bojana%20Rosic+TU%20Wien+Professur
Dietmar Feichtinger;TU Wien;Werdegang/CV, Herkunftsinstitution, Herkunftsland;;https://www.tuwien.at/suche?tx_solr[q]=Dietmar%20Feichtinger;https://www.google.com/search?q=Dietmar%20Feichtinger+TU%20Wien+Professur
Elena Andreeva;TU Wien;Werdegang/CV, Herkunftsinstitution, Herkunftsland;;https://www.tuwien.at/suche?tx_solr[q]=Elena%20Andreeva;https://www.google.com/search?q=Elena%20Andreeva+TU%20Wien+Professur
Harald Stühlinger;TU Wien;Werdegang/CV, Herkunftsinstitution, Herkunftsland;;https://www.tuwien.at/suche?tx_solr[q]=Harald%20St%C3%BChlinger;https://www.google.com/search?q=Harald%20St%C3%BChlinger+TU%20Wien+Professur
Julia Eisenberg;TU Wien;Werdegang/CV, Herkunftsinstitution, Herkunftsland;;https://www.tuwien.at/suche?tx_solr[q]=Julia%20Eisenberg;https://www.google.com/search?q=Julia%20Eisenberg+TU%20Wien+Professur
Marcin Lis;TU Wien;Werdegang/CV, Herkunftsinstitution, Herkunftsland;;https://www.tuwien.at/suche?tx_solr[q]=Marcin%20Lis;https://www.google.com/search?q=Marcin%20Lis+TU%20Wien+Professur
Maria Gibert;TU Wien;Werdegang/CV, Herkunftsinstitution, Herkunftsland;;https://www.tuwien.at/suche?tx_solr[q]=Maria%20Gibert;https://www.google.com/search?q=Maria%20Gibert+TU%20Wien+Professur
Mischa Janisch;mdw;Kurzbeschreibung, Institut, OpenAlex-Metriken;;https://www.mdw.ac.at/suche/?q=Mischa%20Janisch;https://www.google.com/search?q=Mischa%20Janisch+mdw+Professur
Wilhelm Spuller;mdw;Kurzbeschreibung, Institut, OpenAlex-Metriken;;https://www.mdw.ac.at/suche/?q=Wilhelm%20Spuller;https://www.google.com/search?q=Wilhelm%20Spuller+mdw+Professur
Susanne Brorson;Akademie;Institut, OpenAlex-Metriken;;;https://www.google.com/search?q=Susanne%20Brorson+Akademie+Professur
Jan Völker;Angewandte;Institut, OpenAlex-Metriken;;https://www.dieangewandte.at/suche?q=Jan%20V%C3%B6lker;https://www.google.com/search?q=Jan%20V%C3%B6lker+Angewandte+Professur
Sophie Thun;Angewandte;Institut, OpenAlex-Metriken;;https://www.dieangewandte.at/suche?q=Sophie%20Thun;https://www.google.com/search?q=Sophie%20Thun+Angewandte+Professur
Tülay Atak;Angewandte;Institut, OpenAlex-Metriken;;https://www.dieangewandte.at/suche?q=T%C3%BClay%20Atak;https://www.google.com/search?q=T%C3%BClay%20Atak+Angewandte+Professur
Angela Stöger-Horwath;Uni Wien;Institut, OpenAlex-Metriken;;https://ufind.univie.ac.at/de/search.html?query=Angela%20St%C3%B6ger-Horwath;https://www.google.com/search?q=Angela%20St%C3%B6ger-Horwath+Uni%20Wien+Professur
Jorge Sanchez-Chiong;mdw;Institut, OpenAlex-Metriken;;https://www.mdw.ac.at/suche/?q=Jorge%20Sanchez-Chiong;https://www.google.com/search?q=Jorge%20Sanchez-Chiong+mdw+Professur
Michael Kitzberger;mdw;Institut, OpenAlex-Metriken;Werdegang/CV, Profil-Link;https://www.mdw.ac.at/suche/?q=Michael%20Kitzberger;https://www.google.com/search?q=Michael%20Kitzberger+mdw+Professur
Christine Sheppard;BOKU;Herkunftsland, Institut;;https://boku.ac.at/suche?q=Christine%20Sheppard;https://www.google.com/search?q=Christine%20Sheppard+BOKU+Professur
Anna Schachinger;Akademie;Institut;;;https://www.google.com/search?q=Anna%20Schachinger+Akademie+Professur
Jakob Schillinger;Angewandte;Institut;Werdegang/CV, Profil-Link;https://www.dieangewandte.at/suche?q=Jakob%20Schillinger;https://www.google.com/search?q=Jakob%20Schillinger+Angewandte+Professur
Katharina Gugerell;BOKU;Institut;;https://boku.ac.at/suche?q=Katharina%20Gugerell;https://www.google.com/search?q=Katharina%20Gugerell+BOKU+Professur
Mario Pesendorfer;BOKU;Institut;;https://boku.ac.at/suche?q=Mario%20Pesendorfer;https://www.google.com/search?q=Mario%20Pesendorfer+BOKU+Professur
Matthias Kuba;BOKU;Institut;;https://boku.ac.at/suche?q=Matthias%20Kuba;https://www.google.com/search?q=Matthias%20Kuba+BOKU+Professur
Roland Ludwig;BOKU;Institut;;https://boku.ac.at/suche?q=Roland%20Ludwig;https://www.google.com/search?q=Roland%20Ludwig+BOKU+Professur
Sabine Seidel;BOKU;Institut;;https://boku.ac.at/suche?q=Sabine%20Seidel;https://www.google.com/search?q=Sabine%20Seidel+BOKU+Professur
Andreas Zuckermann;MedUni Wien;Institut;Werdegang/CV, Profil-Link;https://www.meduniwien.ac.at/web/index.php?id=suche&L=0&q=Andreas%20Zuckermann;https://www.google.com/search?q=Andreas%20Zuckermann+MedUni%20Wien+Professur
Balázs Hangya;MedUni Wien;Institut;Werdegang/CV, Profil-Link;https://www.meduniwien.ac.at/web/index.php?id=suche&L=0&q=Bal%C3%A1zs%20Hangya;https://www.google.com/search?q=Bal%C3%A1zs%20Hangya+MedUni%20Wien+Professur
Christian Loewe;MedUni Wien;Institut;Werdegang/CV, Profil-Link;https://www.meduniwien.ac.at/web/index.php?id=suche&L=0&q=Christian%20Loewe;https://www.google.com/search?q=Christian%20Loewe+MedUni%20Wien+Professur
Christoph Arnoldner;MedUni Wien;Institut;Werdegang/CV, Profil-Link;https://www.meduniwien.ac.at/web/index.php?id=suche&L=0&q=Christoph%20Arnoldner;https://www.google.com/search?q=Christoph%20Arnoldner+MedUni%20Wien+Professur
Francesco Moscato;MedUni Wien;Institut;Werdegang/CV, Profil-Link;https://www.meduniwien.ac.at/web/index.php?id=suche&L=0&q=Francesco%20Moscato;https://www.google.com/search?q=Francesco%20Moscato+MedUni%20Wien+Professur
Michael Bonelli;MedUni Wien;Institut;Werdegang/CV, Profil-Link;https://www.meduniwien.ac.at/web/index.php?id=suche&L=0&q=Michael%20Bonelli;https://www.google.com/search?q=Michael%20Bonelli+MedUni%20Wien+Professur
Pascal Baltzer;MedUni Wien;Institut;Werdegang/CV, Profil-Link;https://www.meduniwien.ac.at/web/index.php?id=suche&L=0&q=Pascal%20Baltzer;https://www.google.com/search?q=Pascal%20Baltzer+MedUni%20Wien+Professur
Stathis Megas;MedUni Wien;Institut;Werdegang/CV, Profil-Link;https://www.meduniwien.ac.at/web/index.php?id=suche&L=0&q=Stathis%20Megas;https://www.google.com/search?q=Stathis%20Megas+MedUni%20Wien+Professur
Stephan Polterauer;MedUni Wien;Institut;Werdegang/CV, Profil-Link;https://www.meduniwien.ac.at/web/index.php?id=suche&L=0&q=Stephan%20Polterauer;https://www.google.com/search?q=Stephan%20Polterauer+MedUni%20Wien+Professur
Thomas Scherer;MedUni Wien;Institut;Werdegang/CV, Profil-Link;https://www.meduniwien.ac.at/web/index.php?id=suche&L=0&q=Thomas%20Scherer;https://www.google.com/search?q=Thomas%20Scherer+MedUni%20Wien+Professur
Adrian Flores-Orozco;TU Wien;Institut;Werdegang/CV;https://www.tuwien.at/suche?tx_solr[q]=Adrian%20Flores-Orozco;https://www.google.com/search?q=Adrian%20Flores-Orozco+TU%20Wien+Professur
Christian Schranz;TU Wien;Institut;Werdegang/CV;https://www.tuwien.at/suche?tx_solr[q]=Christian%20Schranz;https://www.google.com/search?q=Christian%20Schranz+TU%20Wien+Professur
Christoph Hametner;TU Wien;Institut;Werdegang/CV;https://www.tuwien.at/suche?tx_solr[q]=Christoph%20Hametner;https://www.google.com/search?q=Christoph%20Hametner+TU%20Wien+Professur
Dominik Bork;TU Wien;Institut;Werdegang/CV;https://www.tuwien.at/suche?tx_solr[q]=Dominik%20Bork;https://www.google.com/search?q=Dominik%20Bork+TU%20Wien+Professur
Florian Toth;TU Wien;Institut;Werdegang/CV;https://www.tuwien.at/suche?tx_solr[q]=Florian%20Toth;https://www.google.com/search?q=Florian%20Toth+TU%20Wien+Professur
Gottfried Mandlburger;TU Wien;Institut;Werdegang/CV;https://www.tuwien.at/suche?tx_solr[q]=Gottfried%20Mandlburger;https://www.google.com/search?q=Gottfried%20Mandlburger+TU%20Wien+Professur
Henderik Proper;TU Wien;Institut;Werdegang/CV;https://www.tuwien.at/suche?tx_solr[q]=Henderik%20Proper;https://www.google.com/search?q=Henderik%20Proper+TU%20Wien+Professur
Iva Kovacic;TU Wien;Institut;Werdegang/CV;https://www.tuwien.at/suche?tx_solr[q]=Iva%20Kovacic;https://www.google.com/search?q=Iva%20Kovacic+TU%20Wien+Professur
Johannes Edelmann;TU Wien;Institut;Werdegang/CV;https://www.tuwien.at/suche?tx_solr[q]=Johannes%20Edelmann;https://www.google.com/search?q=Johannes%20Edelmann+TU%20Wien+Professur
Julia Derx;TU Wien;Institut;Werdegang/CV;https://www.tuwien.at/suche?tx_solr[q]=Julia%20Derx;https://www.google.com/search?q=Julia%20Derx+TU%20Wien+Professur
Maria Christakis;TU Wien;Institut;Werdegang/CV;https://www.tuwien.at/suche?tx_solr[q]=Maria%20Christakis;https://www.google.com/search?q=Maria%20Christakis+TU%20Wien+Professur
Michael Schnuerch;TU Wien;Institut;Werdegang/CV;https://www.tuwien.at/suche?tx_solr[q]=Michael%20Schnuerch;https://www.google.com/search?q=Michael%20Schnuerch+TU%20Wien+Professur
Peter Knees;TU Wien;Institut;Werdegang/CV;https://www.tuwien.at/suche?tx_solr[q]=Peter%20Knees;https://www.google.com/search?q=Peter%20Knees+TU%20Wien+Professur
Spasoje Miric;TU Wien;Institut;Werdegang/CV;https://www.tuwien.at/suche?tx_solr[q]=Spasoje%20Miric;https://www.google.com/search?q=Spasoje%20Miric+TU%20Wien+Professur
Stefan Löffler;TU Wien;Institut;Werdegang/CV;https://www.tuwien.at/suche?tx_solr[q]=Stefan%20L%C3%B6ffler;https://www.google.com/search?q=Stefan%20L%C3%B6ffler+TU%20Wien+Professur
Thomas Müller;TU Wien;Institut;Werdegang/CV;https://www.tuwien.at/suche?tx_solr[q]=Thomas%20M%C3%BCller;https://www.google.com/search?q=Thomas%20M%C3%BCller+TU%20Wien+Professur
Yury Vetyukov;TU Wien;Institut;Werdegang/CV;https://www.tuwien.at/suche?tx_solr[q]=Yury%20Vetyukov;https://www.google.com/search?q=Yury%20Vetyukov+TU%20Wien+Professur
Assaf Pinkus;Uni Wien;Institut;;https://ufind.univie.ac.at/de/search.html?query=Assaf%20Pinkus;https://www.google.com/search?q=Assaf%20Pinkus+Uni%20Wien+Professur
Benedikt Graf;Uni Wien;Institut;;https://ufind.univie.ac.at/de/search.html?query=Benedikt%20Graf;https://www.google.com/search?q=Benedikt%20Graf+Uni%20Wien+Professur
Constanza Cordoni;Uni Wien;Institut;;https://ufind.univie.ac.at/de/search.html?query=Constanza%20Cordoni;https://www.google.com/search?q=Constanza%20Cordoni+Uni%20Wien+Professur
Dragana Damjanovic;Uni Wien;Institut;;https://ufind.univie.ac.at/de/search.html?query=Dragana%20Damjanovic;https://www.google.com/search?q=Dragana%20Damjanovic+Uni%20Wien+Professur
Elisa Tomat;Uni Wien;Institut;;https://ufind.univie.ac.at/de/search.html?query=Elisa%20Tomat;https://www.google.com/search?q=Elisa%20Tomat+Uni%20Wien+Professur
Elisabeth Hofer;Uni Wien;Institut;;https://ufind.univie.ac.at/de/search.html?query=Elisabeth%20Hofer;https://www.google.com/search?q=Elisabeth%20Hofer+Uni%20Wien+Professur
Eva Beaujouan;Uni Wien;Institut;;https://ufind.univie.ac.at/de/search.html?query=Eva%20Beaujouan;https://www.google.com/search?q=Eva%20Beaujouan+Uni%20Wien+Professur
Franziska Müller;Uni Wien;Institut;;https://ufind.univie.ac.at/de/search.html?query=Franziska%20M%C3%BCller;https://www.google.com/search?q=Franziska%20M%C3%BCller+Uni%20Wien+Professur
Friederike Sigler;Uni Wien;Institut;;https://ufind.univie.ac.at/de/search.html?query=Friederike%20Sigler;https://www.google.com/search?q=Friederike%20Sigler+Uni%20Wien+Professur
Johanna Ullrich;Uni Wien;Institut;;https://ufind.univie.ac.at/de/search.html?query=Johanna%20Ullrich;https://www.google.com/search?q=Johanna%20Ullrich+Uni%20Wien+Professur
Katharina Ivanyi;Uni Wien;Institut;;https://ufind.univie.ac.at/de/search.html?query=Katharina%20Ivanyi;https://www.google.com/search?q=Katharina%20Ivanyi+Uni%20Wien+Professur
Katharina Kraus;Uni Wien;Institut;;https://ufind.univie.ac.at/de/search.html?query=Katharina%20Kraus;https://www.google.com/search?q=Katharina%20Kraus+Uni%20Wien+Professur
Katharina Stornig;Uni Wien;Institut;;https://ufind.univie.ac.at/de/search.html?query=Katharina%20Stornig;https://www.google.com/search?q=Katharina%20Stornig+Uni%20Wien+Professur
Kevin Tierney;Uni Wien;Institut;;https://ufind.univie.ac.at/de/search.html?query=Kevin%20Tierney;https://www.google.com/search?q=Kevin%20Tierney+Uni%20Wien+Professur
Manuela Studer-Karlen;Uni Wien;Institut;;https://ufind.univie.ac.at/de/search.html?query=Manuela%20Studer-Karlen;https://www.google.com/search?q=Manuela%20Studer-Karlen+Uni%20Wien+Professur
Nina Mirnig;Uni Wien;Institut;;https://ufind.univie.ac.at/de/search.html?query=Nina%20Mirnig;https://www.google.com/search?q=Nina%20Mirnig+Uni%20Wien+Professur
Olaf Riss;Uni Wien;Institut;;https://ufind.univie.ac.at/de/search.html?query=Olaf%20Riss;https://www.google.com/search?q=Olaf%20Riss+Uni%20Wien+Professur
Olga Mula;Uni Wien;Institut;;https://ufind.univie.ac.at/de/search.html?query=Olga%20Mula;https://www.google.com/search?q=Olga%20Mula+Uni%20Wien+Professur
Reinhard J. Maurer;Uni Wien;Institut;;https://ufind.univie.ac.at/de/search.html?query=Reinhard%20J.%20Maurer;https://www.google.com/search?q=Reinhard%20J.%20Maurer+Uni%20Wien+Professur
Roger Frie;Uni Wien;Institut;;https://ufind.univie.ac.at/de/search.html?query=Roger%20Frie;https://www.google.com/search?q=Roger%20Frie+Uni%20Wien+Professur
Susanne Schwarz;Uni Wien;Institut;;https://ufind.univie.ac.at/de/search.html?query=Susanne%20Schwarz;https://www.google.com/search?q=Susanne%20Schwarz+Uni%20Wien+Professur
Zekirija Sejdini;Uni Wien;Institut;;https://ufind.univie.ac.at/de/search.html?query=Zekirija%20Sejdini;https://www.google.com/search?q=Zekirija%20Sejdini+Uni%20Wien+Professur
Melanie Schären-Bannert;Vetmeduni Wien;Institut;Werdegang/CV, Profil-Link;https://www.vetmeduni.ac.at/suche?q=Melanie%20Sch%C3%A4ren-Bannert;https://www.google.com/search?q=Melanie%20Sch%C3%A4ren-Bannert+Vetmeduni%20Wien+Professur
Sonja Hartnack;Vetmeduni Wien;Institut;Werdegang/CV, Profil-Link;https://www.vetmeduni.ac.at/suche?q=Sonja%20Hartnack;https://www.google.com/search?q=Sonja%20Hartnack+Vetmeduni%20Wien+Professur
Lena Knappert;WU Wien;Institut;Werdegang/CV, Profil-Link;https://www.wu.ac.at/suche?q=Lena%20Knappert;https://www.google.com/search?q=Lena%20Knappert+WU%20Wien+Professur
Wolfgang Urbantschitsch;WU Wien;Institut;Werdegang/CV, Profil-Link;https://www.wu.ac.at/suche?q=Wolfgang%20Urbantschitsch;https://www.google.com/search?q=Wolfgang%20Urbantschitsch+WU%20Wien+Professur
Yan Anthea Zhang;WU Wien;Institut;Werdegang/CV, Profil-Link;https://www.wu.ac.at/suche?q=Yan%20Anthea%20Zhang;https://www.google.com/search?q=Yan%20Anthea%20Zhang+WU%20Wien+Professur
Yariv Brauner;WU Wien;Institut;Werdegang/CV, Profil-Link;https://www.wu.ac.at/suche?q=Yariv%20Brauner;https://www.google.com/search?q=Yariv%20Brauner+WU%20Wien+Professur
Francesco Angelico;mdw;Institut;Werdegang/CV, Profil-Link;https://www.mdw.ac.at/suche/?q=Francesco%20Angelico;https://www.google.com/search?q=Francesco%20Angelico+mdw+Professur
Julia Hagen;mdw;Institut;Werdegang/CV, Profil-Link;https://www.mdw.ac.at/suche/?q=Julia%20Hagen;https://www.google.com/search?q=Julia%20Hagen+mdw+Professur
Katharina Treutler;mdw;Institut;Werdegang/CV, Profil-Link;https://www.mdw.ac.at/suche/?q=Katharina%20Treutler;https://www.google.com/search?q=Katharina%20Treutler+mdw+Professur
Marie Christine Köberlein;mdw;Institut;Werdegang/CV, Profil-Link;https://www.mdw.ac.at/suche/?q=Marie%20Christine%20K%C3%B6berlein;https://www.google.com/search?q=Marie%20Christine%20K%C3%B6berlein+mdw+Professur
Oscar Bianchi;mdw;Institut;Werdegang/CV, Profil-Link;https://www.mdw.ac.at/suche/?q=Oscar%20Bianchi;https://www.google.com/search?q=Oscar%20Bianchi+mdw+Professur
Sebastian Müller;mdw;Institut;Werdegang/CV, Profil-Link;https://www.mdw.ac.at/suche/?q=Sebastian%20M%C3%BCller;https://www.google.com/search?q=Sebastian%20M%C3%BCller+mdw+Professur
Svetlana Makarova;mdw;Institut;Werdegang/CV, Profil-Link;https://www.mdw.ac.at/suche/?q=Svetlana%20Makarova;https://www.google.com/search?q=Svetlana%20Makarova+mdw+Professur
Albert Hirtl;TU Wien;;Werdegang/CV;https://www.tuwien.at/suche?tx_solr[q]=Albert%20Hirtl;https://www.google.com/search?q=Albert%20Hirtl+TU%20Wien+Professur
Aleix Comas Vives;TU Wien;;Werdegang/CV;https://www.tuwien.at/suche?tx_solr[q]=Aleix%20Comas%20Vives;https://www.google.com/search?q=Aleix%20Comas%20Vives+TU%20Wien+Professur
Alexander Karl Opitz;TU Wien;;Werdegang/CV;https://www.tuwien.at/suche?tx_solr[q]=Alexander%20Karl%20Opitz;https://www.google.com/search?q=Alexander%20Karl%20Opitz+TU%20Wien+Professur
Alois Humer;TU Wien;;Werdegang/CV;https://www.tuwien.at/suche?tx_solr[q]=Alois%20Humer;https://www.google.com/search?q=Alois%20Humer+TU%20Wien+Professur
Amela Ajanovic;TU Wien;;Werdegang/CV;https://www.tuwien.at/suche?tx_solr[q]=Amela%20Ajanovic;https://www.google.com/search?q=Amela%20Ajanovic+TU%20Wien+Professur
Andreas Limbeck;TU Wien;;Werdegang/CV;https://www.tuwien.at/suche?tx_solr[q]=Andreas%20Limbeck;https://www.google.com/search?q=Andreas%20Limbeck+TU%20Wien+Professur
Andreas Steinboeck;TU Wien;;Werdegang/CV;https://www.tuwien.at/suche?tx_solr[q]=Andreas%20Steinboeck;https://www.google.com/search?q=Andreas%20Steinboeck+TU%20Wien+Professur
Andrej Pustogow;TU Wien;;Werdegang/CV;https://www.tuwien.at/suche?tx_solr[q]=Andrej%20Pustogow;https://www.google.com/search?q=Andrej%20Pustogow+TU%20Wien+Professur
Angelika Psenner;TU Wien;;Werdegang/CV;https://www.tuwien.at/suche?tx_solr[q]=Angelika%20Psenner;https://www.google.com/search?q=Angelika%20Psenner+TU%20Wien+Professur
Anna-Theresa Renner;TU Wien;;Werdegang/CV;https://www.tuwien.at/suche?tx_solr[q]=Anna-Theresa%20Renner;https://www.google.com/search?q=Anna-Theresa%20Renner+TU%20Wien+Professur
Aris Daniilidis;TU Wien;;Werdegang/CV;https://www.tuwien.at/suche?tx_solr[q]=Aris%20Daniilidis;https://www.google.com/search?q=Aris%20Daniilidis+TU%20Wien+Professur
Astrid Weiss;TU Wien;;Werdegang/CV;https://www.tuwien.at/suche?tx_solr[q]=Astrid%20Weiss;https://www.google.com/search?q=Astrid%20Weiss+TU%20Wien+Professur
Azra Korjenic;TU Wien;;Werdegang/CV;https://www.tuwien.at/suche?tx_solr[q]=Azra%20Korjenic;https://www.google.com/search?q=Azra%20Korjenic+TU%20Wien+Professur
Bernhard Hofko;TU Wien;;Werdegang/CV;https://www.tuwien.at/suche?tx_solr[q]=Bernhard%20Hofko;https://www.google.com/search?q=Bernhard%20Hofko+TU%20Wien+Professur
Christian Gierl-Mayer;TU Wien;;Werdegang/CV;https://www.tuwien.at/suche?tx_solr[q]=Christian%20Gierl-Mayer;https://www.google.com/search?q=Christian%20Gierl-Mayer+TU%20Wien+Professur
Christian Ott;TU Wien;;Werdegang/CV;https://www.tuwien.at/suche?tx_solr[q]=Christian%20Ott;https://www.google.com/search?q=Christian%20Ott+TU%20Wien+Professur
Dominique Schröder;TU Wien;;Werdegang/CV;https://www.tuwien.at/suche?tx_solr[q]=Dominique%20Schr%C3%B6der;https://www.google.com/search?q=Dominique%20Schr%C3%B6der+TU%20Wien+Professur
Eduard Gröller;TU Wien;;Werdegang/CV;https://www.tuwien.at/suche?tx_solr[q]=Eduard%20Gr%C3%B6ller;https://www.google.com/search?q=Eduard%20Gr%C3%B6ller+TU%20Wien+Professur
Emanuel Gasteiger;TU Wien;;Werdegang/CV;https://www.tuwien.at/suche?tx_solr[q]=Emanuel%20Gasteiger;https://www.google.com/search?q=Emanuel%20Gasteiger+TU%20Wien+Professur
Emanuel Ionescu;TU Wien;;Werdegang/CV;https://www.tuwien.at/suche?tx_solr[q]=Emanuel%20Ionescu;https://www.google.com/search?q=Emanuel%20Ionescu+TU%20Wien+Professur
Emanuel Sallinger;TU Wien;;Werdegang/CV;https://www.tuwien.at/suche?tx_solr[q]=Emanuel%20Sallinger;https://www.google.com/search?q=Emanuel%20Sallinger+TU%20Wien+Professur
Erwin Povoden-Karadeniz;TU Wien;;Werdegang/CV;https://www.tuwien.at/suche?tx_solr[q]=Erwin%20Povoden-Karadeniz;https://www.google.com/search?q=Erwin%20Povoden-Karadeniz+TU%20Wien+Professur
Eva Sevcsik;TU Wien;;Werdegang/CV;https://www.tuwien.at/suche?tx_solr[q]=Eva%20Sevcsik;https://www.google.com/search?q=Eva%20Sevcsik+TU%20Wien+Professur
Fabio Toninelli;TU Wien;;Werdegang/CV;https://www.tuwien.at/suche?tx_solr[q]=Fabio%20Toninelli;https://www.google.com/search?q=Fabio%20Toninelli+TU%20Wien+Professur
Florian Michahelles;TU Wien;;Werdegang/CV;https://www.tuwien.at/suche?tx_solr[q]=Florian%20Michahelles;https://www.google.com/search?q=Florian%20Michahelles+TU%20Wien+Professur
Florian Rudroff;TU Wien;;Werdegang/CV;https://www.tuwien.at/suche?tx_solr[q]=Florian%20Rudroff;https://www.google.com/search?q=Florian%20Rudroff+TU%20Wien+Professur
Francesca Taddei;TU Wien;;Werdegang/CV;https://www.tuwien.at/suche?tx_solr[q]=Francesca%20Taddei;https://www.google.com/search?q=Francesca%20Taddei+TU%20Wien+Professur
Franz Winter;TU Wien;;Werdegang/CV;https://www.tuwien.at/suche?tx_solr[q]=Franz%20Winter;https://www.google.com/search?q=Franz%20Winter+TU%20Wien+Professur
Franziska Sielker;TU Wien;;Werdegang/CV;https://www.tuwien.at/suche?tx_solr[q]=Franziska%20Sielker;https://www.google.com/search?q=Franziska%20Sielker+TU%20Wien+Professur
Georg Pesch;TU Wien;;Werdegang/CV;https://www.tuwien.at/suche?tx_solr[q]=Georg%20Pesch;https://www.google.com/search?q=Georg%20Pesch+TU%20Wien+Professur
Georg Steinhauser;TU Wien;;Werdegang/CV;https://www.tuwien.at/suche?tx_solr[q]=Georg%20Steinhauser;https://www.google.com/search?q=Georg%20Steinhauser+TU%20Wien+Professur
Gerald Matz;TU Wien;;Werdegang/CV;https://www.tuwien.at/suche?tx_solr[q]=Gerald%20Matz;https://www.google.com/search?q=Gerald%20Matz+TU%20Wien+Professur
Gerald Schweiger;TU Wien;;Werdegang/CV;https://www.tuwien.at/suche?tx_solr[q]=Gerald%20Schweiger;https://www.google.com/search?q=Gerald%20Schweiger+TU%20Wien+Professur
Günther Zeck;TU Wien;;Werdegang/CV;https://www.tuwien.at/suche?tx_solr[q]=G%C3%BCnther%20Zeck;https://www.google.com/search?q=G%C3%BCnther%20Zeck+TU%20Wien+Professur
Hannes Kaufmann;TU Wien;;Werdegang/CV;https://www.tuwien.at/suche?tx_solr[q]=Hannes%20Kaufmann;https://www.google.com/search?q=Hannes%20Kaufmann+TU%20Wien+Professur
Heike Oevermann;TU Wien;;Werdegang/CV;https://www.tuwien.at/suche?tx_solr[q]=Heike%20Oevermann;https://www.google.com/search?q=Heike%20Oevermann+TU%20Wien+Professur
Helmut Riedl Tragenreif;TU Wien;;Werdegang/CV;https://www.tuwien.at/suche?tx_solr[q]=Helmut%20Riedl%20Tragenreif;https://www.google.com/search?q=Helmut%20Riedl%20Tragenreif+TU%20Wien+Professur
Hinrich Grothe;TU Wien;;Werdegang/CV;https://www.tuwien.at/suche?tx_solr[q]=Hinrich%20Grothe;https://www.google.com/search?q=Hinrich%20Grothe+TU%20Wien+Professur
Ismail Ilkan Ceylan;TU Wien;;Werdegang/CV, Profil-Link;https://www.tuwien.at/suche?tx_solr[q]=Ismail%20Ilkan%20Ceylan;https://www.google.com/search?q=Ismail%20Ilkan%20Ceylan+TU%20Wien+Professur
Iva Hunger Brezinova;TU Wien;;Werdegang/CV;https://www.tuwien.at/suche?tx_solr[q]=Iva%20Hunger%20Brezinova;https://www.google.com/search?q=Iva%20Hunger%20Brezinova+TU%20Wien+Professur
Johann Auer;TU Wien;;Werdegang/CV;https://www.tuwien.at/suche?tx_solr[q]=Johann%20Auer;https://www.google.com/search?q=Johann%20Auer+TU%20Wien+Professur
Johannes Pistrol;TU Wien;;Werdegang/CV;https://www.tuwien.at/suche?tx_solr[q]=Johannes%20Pistrol;https://www.google.com/search?q=Johannes%20Pistrol+TU%20Wien+Professur
Josef Füssl;TU Wien;;Werdegang/CV;https://www.tuwien.at/suche?tx_solr[q]=Josef%20F%C3%BCssl;https://www.google.com/search?q=Josef%20F%C3%BCssl+TU%20Wien+Professur
Karl Kirchner;TU Wien;;Werdegang/CV;https://www.tuwien.at/suche?tx_solr[q]=Karl%20Kirchner;https://www.google.com/search?q=Karl%20Kirchner+TU%20Wien+Professur
Lado Filipovic;TU Wien;;Werdegang/CV;https://www.tuwien.at/suche?tx_solr[q]=Lado%20Filipovic;https://www.google.com/search?q=Lado%20Filipovic+TU%20Wien+Professur
Laura Kovacs;TU Wien;;Werdegang/CV;https://www.tuwien.at/suche?tx_solr[q]=Laura%20Kovacs;https://www.google.com/search?q=Laura%20Kovacs+TU%20Wien+Professur
Lukas Eberhardsteiner;TU Wien;;Werdegang/CV;https://www.tuwien.at/suche?tx_solr[q]=Lukas%20Eberhardsteiner;https://www.google.com/search?q=Lukas%20Eberhardsteiner+TU%20Wien+Professur
Maja Kevdzija;TU Wien;;Werdegang/CV;https://www.tuwien.at/suche?tx_solr[q]=Maja%20Kevdzija;https://www.google.com/search?q=Maja%20Kevdzija+TU%20Wien+Professur
Manuela Waldner;TU Wien;;Werdegang/CV;https://www.tuwien.at/suche?tx_solr[q]=Manuela%20Waldner;https://www.google.com/search?q=Manuela%20Waldner+TU%20Wien+Professur
Marcus Huber;TU Wien;;Werdegang/CV;https://www.tuwien.at/suche?tx_solr[q]=Marcus%20Huber;https://www.google.com/search?q=Marcus%20Huber+TU%20Wien+Professur
Maren Podewitz;TU Wien;;Werdegang/CV;https://www.tuwien.at/suche?tx_solr[q]=Maren%20Podewitz;https://www.google.com/search?q=Maren%20Podewitz+TU%20Wien+Professur
Maricruz Sanchez-Sanchez;TU Wien;;Werdegang/CV;https://www.tuwien.at/suche?tx_solr[q]=Maricruz%20Sanchez-Sanchez;https://www.google.com/search?q=Maricruz%20Sanchez-Sanchez+TU%20Wien+Professur
Markus Kubicek;TU Wien;;Werdegang/CV;https://www.tuwien.at/suche?tx_solr[q]=Markus%20Kubicek;https://www.google.com/search?q=Markus%20Kubicek+TU%20Wien+Professur
Martin Goldstern;TU Wien;;Werdegang/CV;https://www.tuwien.at/suche?tx_solr[q]=Martin%20Goldstern;https://www.google.com/search?q=Martin%20Goldstern+TU%20Wien+Professur
Martin Nöllenburg;TU Wien;;Werdegang/CV;https://www.tuwien.at/suche?tx_solr[q]=Martin%20N%C3%B6llenburg;https://www.google.com/search?q=Martin%20N%C3%B6llenburg+TU%20Wien+Professur
Michael Harasek;TU Wien;;Werdegang/CV;https://www.tuwien.at/suche?tx_solr[q]=Michael%20Harasek;https://www.google.com/search?q=Michael%20Harasek+TU%20Wien+Professur
Michael Pinsker;TU Wien;;Werdegang/CV;https://www.tuwien.at/suche?tx_solr[q]=Michael%20Pinsker;https://www.google.com/search?q=Michael%20Pinsker+TU%20Wien+Professur
Milica Vujovic;TU Wien;;Werdegang/CV;https://www.tuwien.at/suche?tx_solr[q]=Milica%20Vujovic;https://www.google.com/search?q=Milica%20Vujovic+TU%20Wien+Professur
Mohammad N. Ivaki;TU Wien;;Werdegang/CV;https://www.tuwien.at/suche?tx_solr[q]=Mohammad%20N.%20Ivaki;https://www.google.com/search?q=Mohammad%20N.%20Ivaki+TU%20Wien+Professur
Nysret Musliu;TU Wien;;Werdegang/CV;https://www.tuwien.at/suche?tx_solr[q]=Nysret%20Musliu;https://www.google.com/search?q=Nysret%20Musliu+TU%20Wien+Professur
Oliver Spadiut;TU Wien;;Werdegang/CV;https://www.tuwien.at/suche?tx_solr[q]=Oliver%20Spadiut;https://www.google.com/search?q=Oliver%20Spadiut+TU%20Wien+Professur
Ottavia Zoboli;TU Wien;;Werdegang/CV;https://www.tuwien.at/suche?tx_solr[q]=Ottavia%20Zoboli;https://www.google.com/search?q=Ottavia%20Zoboli+TU%20Wien+Professur
Patrick Huber;TU Wien;;Werdegang/CV;https://www.tuwien.at/suche?tx_solr[q]=Patrick%20Huber;https://www.google.com/search?q=Patrick%20Huber+TU%20Wien+Professur
Paul Romatschke;TU Wien;;Werdegang/CV;https://www.tuwien.at/suche?tx_solr[q]=Paul%20Romatschke;https://www.google.com/search?q=Paul%20Romatschke+TU%20Wien+Professur
Peter Ertl;TU Wien;;Werdegang/CV;https://www.tuwien.at/suche?tx_solr[q]=Peter%20Ertl;https://www.google.com/search?q=Peter%20Ertl+TU%20Wien+Professur
Philipp Haslinger;TU Wien;;Werdegang/CV;https://www.tuwien.at/suche?tx_solr[q]=Philipp%20Haslinger;https://www.google.com/search?q=Philipp%20Haslinger+TU%20Wien+Professur
Renata Raidou;TU Wien;;Werdegang/CV;https://www.tuwien.at/suche?tx_solr[q]=Renata%20Raidou;https://www.google.com/search?q=Renata%20Raidou+TU%20Wien+Professur
Rene Hofmann;TU Wien;;Werdegang/CV;https://www.tuwien.at/suche?tx_solr[q]=Rene%20Hofmann;https://www.google.com/search?q=Rene%20Hofmann+TU%20Wien+Professur
Robert Ganian;TU Wien;;Werdegang/CV;https://www.tuwien.at/suche?tx_solr[q]=Robert%20Ganian;https://www.google.com/search?q=Robert%20Ganian+TU%20Wien+Professur
Sascha Hunold;TU Wien;;Werdegang/CV;https://www.tuwien.at/suche?tx_solr[q]=Sascha%20Hunold;https://www.google.com/search?q=Sascha%20Hunold+TU%20Wien+Professur
Stavros Papadokonstantakis;TU Wien;;Werdegang/CV;https://www.tuwien.at/suche?tx_solr[q]=Stavros%20Papadokonstantakis;https://www.google.com/search?q=Stavros%20Papadokonstantakis+TU%20Wien+Professur
Stefan Baudis;TU Wien;;Werdegang/CV;https://www.tuwien.at/suche?tx_solr[q]=Stefan%20Baudis;https://www.google.com/search?q=Stefan%20Baudis+TU%20Wien+Professur
Stefan Woltran;TU Wien;;Werdegang/CV;https://www.tuwien.at/suche?tx_solr[q]=Stefan%20Woltran;https://www.google.com/search?q=Stefan%20Woltran+TU%20Wien+Professur
Stefanie Elgeti;TU Wien;;Werdegang/CV;https://www.tuwien.at/suche?tx_solr[q]=Stefanie%20Elgeti;https://www.google.com/search?q=Stefanie%20Elgeti+TU%20Wien+Professur
Susann Ahn;TU Wien;;Werdegang/CV;https://www.tuwien.at/suche?tx_solr[q]=Susann%20Ahn;https://www.google.com/search?q=Susann%20Ahn+TU%20Wien+Professur
Teresa Liberto;TU Wien;;Werdegang/CV;https://www.tuwien.at/suche?tx_solr[q]=Teresa%20Liberto;https://www.google.com/search?q=Teresa%20Liberto+TU%20Wien+Professur
Thomas Lukasiewicz;TU Wien;;Werdegang/CV;https://www.tuwien.at/suche?tx_solr[q]=Thomas%20Lukasiewicz;https://www.google.com/search?q=Thomas%20Lukasiewicz+TU%20Wien+Professur
Thomas Pohl;TU Wien;;Werdegang/CV;https://www.tuwien.at/suche?tx_solr[q]=Thomas%20Pohl;https://www.google.com/search?q=Thomas%20Pohl+TU%20Wien+Professur
Thomas Sheppard;TU Wien;;Werdegang/CV;https://www.tuwien.at/suche?tx_solr[q]=Thomas%20Sheppard;https://www.google.com/search?q=Thomas%20Sheppard+TU%20Wien+Professur
Tobias Fiebig;TU Wien;;Werdegang/CV;https://www.tuwien.at/suche?tx_solr[q]=Tobias%20Fiebig;https://www.google.com/search?q=Tobias%20Fiebig+TU%20Wien+Professur
Ute Schneider;TU Wien;;Werdegang/CV;https://www.tuwien.at/suche?tx_solr[q]=Ute%20Schneider;https://www.google.com/search?q=Ute%20Schneider+TU%20Wien+Professur
Vasiliki Maria Archodoulaki;TU Wien;;Werdegang/CV;https://www.tuwien.at/suche?tx_solr[q]=Vasiliki%20Maria%20Archodoulaki;https://www.google.com/search?q=Vasiliki%20Maria%20Archodoulaki+TU%20Wien+Professur
Viktor Sverdlov;TU Wien;;Werdegang/CV;https://www.tuwien.at/suche?tx_solr[q]=Viktor%20Sverdlov;https://www.google.com/search?q=Viktor%20Sverdlov+TU%20Wien+Professur
Walter Michael Weber;TU Wien;;Werdegang/CV;https://www.tuwien.at/suche?tx_solr[q]=Walter%20Michael%20Weber;https://www.google.com/search?q=Walter%20Michael%20Weber+TU%20Wien+Professur
Wolfgang Kastner;TU Wien;;Werdegang/CV;https://www.tuwien.at/suche?tx_solr[q]=Wolfgang%20Kastner;https://www.google.com/search?q=Wolfgang%20Kastner+TU%20Wien+Professur
Wolfgang Kemmetmueller;TU Wien;;Werdegang/CV;https://www.tuwien.at/suche?tx_solr[q]=Wolfgang%20Kemmetmueller;https://www.google.com/search?q=Wolfgang%20Kemmetmueller+TU%20Wien+Professur
